id,username,email,created_at
1,forestorbit68,forestorbit68@opswise.net,2025-11-02 16:29:04
2,tidysignal30,tidysignal30@hackstack.io,2026-01-11 19:14:09
3,emberbeacon79,emberbeacon79@opswise.net,2025-11-12 14:46:23
4,tidyriver02,tidyriver02@relay.cloud,2025-01-14 12:49:03
5,jadelagoon51,jadelagoon51@example.com,2025-04-08 00:46:26
6,dawnlagoon19,dawnlagoon19@opswise.net,2026-01-07 17:02:14
7,clearnetwork16,clearnetwork16@hackstack.io,2024-05-02 09:56:14
8,livelyfield99,livelyfield99@hackstack.io,2024-11-19 16:29:27
9,navygarden53,navygarden53@acme.dev,2024-10-02 02:19:38
10,jadeengine45,jadeengine45@seeded.app,2024-08-05 06:31:37
11,forestharvest82,forestharvest82@seeded.app,2024-06-20 13:55:40
12,keenisland41,keenisland41@relay.cloud,2024-02-29 08:10:46
13,cobaltorbit30,cobaltorbit30@seeded.app,2026-01-16 03:08:12
14,embervalley27,embervalley27@opswise.net,2025-05-26 02:04:44
15,urbanjourney55,urbanjourney55@acme.dev,2024-11-30 14:45:35
16,dawnbeacon75,dawnbeacon75@relay.cloud,2025-02-21 08:44:41
17,dawnquartz92,dawnquartz92@opswise.net,2025-06-10 14:36:21
18,keencanyon70,keencanyon70@opswise.net,2025-06-12 22:28:08
19,livelyzenith95,livelyzenith95@relay.cloud,2025-06-20 18:14:25
20,ivoryisland53,ivoryisland53@opswise.net,2024-08-13 17:20:24
21,warmuplink88,warmuplink88@example.com,2025-02-21 18:52:15
22,dawncanyon10,dawncanyon10@relay.cloud,2024-02-06 09:06:27
23,calmmeadow08,calmmeadow08@relay.cloud,2025-09-15 11:48:25
24,dawnyard39,dawnyard39@hackstack.io,2025-11-01 14:42:56
25,cobaltlagoon44,cobaltlagoon44@acme.dev,2024-06-29 16:37:01
26,mellowjourney51,mellowjourney51@example.com,2024-10-03 00:25:05
27,tidyharvest96,tidyharvest96@example.com,2025-05-25 12:12:26
28,keenisland22,keenisland22@seeded.app,2024-08-04 01:40:25
29,keenengine36,keenengine36@seeded.app,2024-11-05 09:22:25
30,urbanlagoon37,urbanlagoon37@acme.dev,2025-05-15 14:02:41
31,embertrail85,embertrail85@relay.cloud,2026-01-09 13:52:49
32,youngisland30,youngisland30@acme.dev,2024-01-11 09:04:07
33,harborsignal74,harborsignal74@acme.dev,2026-01-25 01:38:39
34,brisktrail87,brisktrail87@acme.dev,2024-09-30 21:50:50
35,tidyyard04,tidyyard04@seeded.app,2024-07-12 13:11:40
36,livelywindow45,livelywindow45@hackstack.io,2025-06-18 03:57:57
37,livelyanchor94,livelyanchor94@example.com,2025-11-15 08:41:55
38,briskmeadow45,briskmeadow45@acme.dev,2026-01-12 07:27:01
39,clearanchor22,clearanchor22@opswise.net,2024-04-22 02:54:37
40,opalzenith66,opalzenith66@acme.dev,2024-11-21 20:08:35
41,brisknetwork12,brisknetwork12@hackstack.io,2025-12-17 11:25:51
42,mellowquartz19,mellowquartz19@seeded.app,2025-07-05 05:04:33
43,warmorbit24,warmorbit24@hackstack.io,2024-06-01 16:10:59
44,opalpioneer56,opalpioneer56@opswise.net,2025-08-23 05:00:20
45,mellowuplink42,mellowuplink42@relay.cloud,2025-09-07 03:17:54
46,rapidgarden67,rapidgarden67@example.com,2025-07-10 18:12:41
47,rapiddelta16,rapiddelta16@relay.cloud,2025-03-13 07:05:47
48,urbanyard23,urbanyard23@relay.cloud,2025-01-06 10:21:35
49,clearuplink92,clearuplink92@acme.dev,2025-02-02 15:02:21
50,warmtrail71,warmtrail71@hackstack.io,2025-01-20 14:22:11
51,proudengine12,proudengine12@relay.cloud,2024-09-23 09:25:55
52,proudzenith99,proudzenith99@acme.dev,2024-06-27 09:19:48
53,navyanchor39,navyanchor39@acme.dev,2024-12-25 19:21:27
54,tidyzenith67,tidyzenith67@relay.cloud,2025-07-22 03:31:31
55,forestcanyon91,forestcanyon91@seeded.app,2024-02-20 01:29:46
56,mellowgarden96,mellowgarden96@seeded.app,2024-10-27 05:10:56
57,harborjourney22,harborjourney22@hackstack.io,2024-12-06 05:23:58
58,tidyanchor56,tidyanchor56@acme.dev,2025-05-25 19:38:29
59,forestuplink88,forestuplink88@hackstack.io,2024-01-06 20:06:06
60,jadeorbit61,jadeorbit61@example.com,2024-06-24 21:56:23
61,emberjourney30,emberjourney30@seeded.app,2024-12-19 20:50:29
62,vividkernel44,vividkernel44@hackstack.io,2024-07-16 19:06:34
63,urbanfield40,urbanfield40@example.com,2024-05-03 18:40:50
64,calmisland88,calmisland88@example.com,2025-06-28 12:29:53
65,tidykernel51,tidykernel51@opswise.net,2024-08-29 16:37:07
66,jadenetwork38,jadenetwork38@example.com,2024-11-29 16:40:13
67,urbanbeacon44,urbanbeacon44@example.com,2024-05-27 09:16:16
68,prouddelta83,prouddelta83@hackstack.io,2024-09-06 07:45:01
69,amberzenith69,amberzenith69@hackstack.io,2024-03-15 10:29:40
70,goldharvest22,goldharvest22@relay.cloud,2024-03-11 22:34:23
71,briskharvest18,briskharvest18@opswise.net,2025-09-10 18:30:24
72,youngtrail27,youngtrail27@opswise.net,2024-11-28 13:40:26
73,vividyard75,vividyard75@acme.dev,2025-05-30 07:34:03
74,keenmeadow80,keenmeadow80@opswise.net,2026-01-16 09:42:38
75,tidybeacon06,tidybeacon06@opswise.net,2025-02-20 04:36:29
76,tidywindow53,tidywindow53@seeded.app,2025-05-26 13:22:19
77,forestjourney94,forestjourney94@opswise.net,2024-08-26 20:46:15
78,quietjourney28,quietjourney28@acme.dev,2025-08-14 20:28:21
79,keenwindow66,keenwindow66@hackstack.io,2024-09-29 07:40:44
80,tidydelta83,tidydelta83@acme.dev,2025-02-27 18:11:17
81,keenzenith23,keenzenith23@opswise.net,2024-11-06 12:53:00
82,rapidcanyon26,rapidcanyon26@acme.dev,2024-02-12 23:39:09
83,goldquartz21,goldquartz21@hackstack.io,2024-11-29 10:37:00
84,harboryard82,harboryard82@hackstack.io,2024-06-22 16:08:12
85,cobaltjourney60,cobaltjourney60@hackstack.io,2025-01-01 06:45:27
86,harborquartz00,harborquartz00@opswise.net,2024-11-06 16:10:15
87,quietyard90,quietyard90@seeded.app,2024-07-20 05:17:56
88,proudwindow89,proudwindow89@relay.cloud,2024-01-23 16:23:40
89,vividriver25,vividriver25@opswise.net,2024-01-21 16:17:52
90,ambermeadow46,ambermeadow46@hackstack.io,2025-06-05 07:54:18
91,rapidisland16,rapidisland16@example.com,2025-02-27 21:39:21
92,briskpioneer94,briskpioneer94@seeded.app,2025-02-19 04:56:58
93,opaljourney21,opaljourney21@seeded.app,2025-09-29 19:26:09
94,ivorytrail16,ivorytrail16@example.com,2024-02-05 11:11:54
95,emberzenith94,emberzenith94@seeded.app,2025-03-31 06:45:03
96,mellowbeacon46,mellowbeacon46@opswise.net,2025-01-31 16:47:36
97,briskquartz65,briskquartz65@relay.cloud,2024-08-07 11:04:42
98,rapidcanyon94,rapidcanyon94@example.com,2025-05-02 22:56:25
99,jadelagoon68,jadelagoon68@example.com,2025-12-03 08:19:06
100,youngdelta25,youngdelta25@seeded.app,2024-08-22 12:42:37
101,silverzenith89,silverzenith89@example.com,2025-08-15 22:39:57
102,silveranchor87,silveranchor87@relay.cloud,2025-07-03 23:59:37
103,younggarden80,younggarden80@example.com,2025-12-25 12:23:32
104,warmwindow87,warmwindow87@hackstack.io,2024-03-26 17:04:56
105,livelylagoon42,livelylagoon42@seeded.app,2025-12-05 21:42:56
106,urbangarden08,urbangarden08@hackstack.io,2025-11-13 07:56:39
107,harborharvest30,harborharvest30@hackstack.io,2024-08-21 00:37:13
108,briskriver17,briskriver17@relay.cloud,2024-06-11 21:58:27
109,livelyyard43,livelyyard43@hackstack.io,2025-08-24 02:27:26
110,urbansignal23,urbansignal23@opswise.net,2025-07-28 00:06:24
111,ivoryriver91,ivoryriver91@relay.cloud,2024-04-25 13:30:59
112,goldtrail70,goldtrail70@opswise.net,2025-12-27 23:41:33
113,silvergarden56,silvergarden56@example.com,2024-03-10 03:25:08
114,ivoryyard30,ivoryyard30@acme.dev,2024-02-27 07:45:32
115,vividpioneer48,vividpioneer48@example.com,2024-02-09 11:36:05
116,warmanchor02,warmanchor02@hackstack.io,2024-06-08 21:10:38
117,navyharvest17,navyharvest17@relay.cloud,2024-10-15 13:23:20
118,forestcanyon51,forestcanyon51@opswise.net,2024-09-04 10:01:00
119,urbangarden92,urbangarden92@hackstack.io,2025-03-17 17:36:10
120,goldsignal51,goldsignal51@opswise.net,2025-07-24 21:14:09
121,livelypioneer63,livelypioneer63@opswise.net,2025-02-10 18:55:41
122,urbankernel43,urbankernel43@hackstack.io,2025-10-16 02:47:29
123,tidykernel22,tidykernel22@relay.cloud,2025-03-28 13:42:37
124,opalfield48,opalfield48@hackstack.io,2025-05-20 03:45:52
125,cleardelta09,cleardelta09@hackstack.io,2025-12-24 14:02:34
126,harborwindow79,harborwindow79@example.com,2024-10-22 22:12:48
127,vividuplink69,vividuplink69@opswise.net,2025-05-19 06:01:23
128,ivorykernel79,ivorykernel79@opswise.net,2024-10-24 07:37:43
129,mellowzenith37,mellowzenith37@seeded.app,2025-10-08 02:43:28
130,ivorywindow94,ivorywindow94@opswise.net,2024-02-15 01:32:37
131,calmgarden54,calmgarden54@hackstack.io,2025-08-11 06:33:41
132,urbankernel90,urbankernel90@opswise.net,2025-01-10 23:28:05
133,amberdelta21,amberdelta21@opswise.net,2025-01-13 02:22:42
134,youngorbit40,youngorbit40@seeded.app,2025-01-12 02:12:12
135,keenpioneer24,keenpioneer24@seeded.app,2024-03-21 04:15:47
136,brisknetwork01,brisknetwork01@relay.cloud,2024-07-23 20:33:09
137,goldvalley26,goldvalley26@acme.dev,2025-06-23 03:35:15
138,mellowpioneer42,mellowpioneer42@opswise.net,2024-11-24 21:56:44
139,silvernetwork45,silvernetwork45@acme.dev,2024-03-05 06:22:42
140,opaluplink44,opaluplink44@example.com,2024-01-08 09:08:08
141,vividanchor75,vividanchor75@seeded.app,2024-10-04 11:58:56
142,forestdelta06,forestdelta06@acme.dev,2024-06-16 05:41:58
143,keenjourney66,keenjourney66@example.com,2025-09-13 18:46:37
144,youngmeadow23,youngmeadow23@hackstack.io,2024-03-17 18:18:24
145,emberquartz88,emberquartz88@acme.dev,2025-02-13 14:16:45
146,opalgarden52,opalgarden52@relay.cloud,2024-02-26 06:58:39
147,forestanchor67,forestanchor67@seeded.app,2025-06-01 17:15:55
148,dawnkernel12,dawnkernel12@hackstack.io,2026-01-08 23:17:17
149,navyanchor67,navyanchor67@seeded.app,2024-08-18 00:21:37
150,dawnquartz20,dawnquartz20@hackstack.io,2024-06-17 15:44:00
151,quietvalley51,quietvalley51@hackstack.io,2025-02-21 00:10:53
152,golddelta53,golddelta53@opswise.net,2024-06-30 07:36:49
153,silverisland40,silverisland40@hackstack.io,2024-08-08 07:31:55
154,harborengine35,harborengine35@opswise.net,2026-01-02 00:47:41
155,quietcanyon25,quietcanyon25@relay.cloud,2026-01-25 06:16:28
156,livelyfield86,livelyfield86@relay.cloud,2025-01-14 01:04:44
157,proudyard64,proudyard64@acme.dev,2025-01-17 14:39:04
158,mellowwindow95,mellowwindow95@seeded.app,2024-02-05 22:56:21
159,urbanharvest95,urbanharvest95@hackstack.io,2024-08-02 06:07:25
160,vividwindow00,vividwindow00@hackstack.io,2025-03-09 05:06:29
161,briskisland60,briskisland60@acme.dev,2025-05-30 14:58:16
162,navylagoon55,navylagoon55@seeded.app,2025-04-08 23:17:38
163,embertrail34,embertrail34@opswise.net,2025-05-01 07:58:29
164,warmvalley17,warmvalley17@hackstack.io,2024-04-06 02:20:11
165,goldvalley55,goldvalley55@acme.dev,2024-10-18 03:29:00
166,mellowharvest34,mellowharvest34@acme.dev,2025-12-07 19:07:38
167,cobaltengine98,cobaltengine98@hackstack.io,2024-07-27 17:50:40
168,clearwindow80,clearwindow80@relay.cloud,2025-10-15 15:23:05
169,tidyyard40,tidyyard40@seeded.app,2024-12-19 17:38:05
170,opalorbit40,opalorbit40@example.com,2025-01-08 20:58:19
171,calmanchor35,calmanchor35@relay.cloud,2025-01-01 07:46:35
172,proudkernel82,proudkernel82@relay.cloud,2025-01-31 11:20:06
173,emberfield08,emberfield08@example.com,2025-09-08 04:08:57
174,amberdelta95,amberdelta95@seeded.app,2024-09-25 15:01:01
175,silverjourney65,silverjourney65@hackstack.io,2025-07-27 15:41:23
176,cobaltvalley47,cobaltvalley47@opswise.net,2024-06-18 17:33:52
177,mellowvalley46,mellowvalley46@acme.dev,2024-08-29 12:21:13
178,harborwindow10,harborwindow10@acme.dev,2024-12-27 09:37:46
179,jadeorbit00,jadeorbit00@opswise.net,2024-08-01 11:08:42
180,rapidgarden01,rapidgarden01@acme.dev,2025-05-09 09:42:43
181,clearlagoon77,clearlagoon77@relay.cloud,2024-07-10 03:20:58
182,proudpioneer20,proudpioneer20@opswise.net,2024-02-26 18:20:05
183,rapidlagoon05,rapidlagoon05@opswise.net,2024-10-01 05:04:07
184,urbanisland61,urbanisland61@hackstack.io,2025-02-08 02:13:43
185,cobaltriver99,cobaltriver99@opswise.net,2024-11-08 16:30:21
186,ivorynetwork86,ivorynetwork86@acme.dev,2025-02-27 09:52:36
187,proudriver41,proudriver41@seeded.app,2024-12-15 19:13:21
188,mellowjourney78,mellowjourney78@seeded.app,2026-01-12 23:01:42
189,calmlagoon81,calmlagoon81@example.com,2025-02-28 07:47:20
190,rapidbeacon85,rapidbeacon85@hackstack.io,2025-03-03 07:04:23
191,golddelta30,golddelta30@acme.dev,2025-11-14 00:09:20
192,dawnjourney56,dawnjourney56@hackstack.io,2025-07-08 20:39:16
193,vividpioneer97,vividpioneer97@opswise.net,2025-03-15 20:45:56
194,vividdelta61,vividdelta61@opswise.net,2024-06-22 09:05:06
195,dawnengine48,dawnengine48@acme.dev,2025-10-11 18:03:18
196,keenanchor92,keenanchor92@hackstack.io,2025-05-05 10:18:50
197,calmjourney49,calmjourney49@hackstack.io,2025-02-10 13:36:01
198,proudkernel74,proudkernel74@hackstack.io,2025-11-30 22:01:19
199,mellowzenith49,mellowzenith49@example.com,2025-09-02 11:20:39
200,harborsignal96,harborsignal96@relay.cloud,2025-05-05 19:28:26
201,amberanchor90,amberanchor90@hackstack.io,2025-06-14 09:35:11
202,quietfield38,quietfield38@acme.dev,2024-05-24 06:02:24
203,navylagoon72,navylagoon72@opswise.net,2025-10-03 21:43:06
204,vividuplink10,vividuplink10@example.com,2024-04-25 16:02:20
205,opalengine04,opalengine04@seeded.app,2025-07-16 15:27:28
206,jadefield44,jadefield44@relay.cloud,2024-10-20 01:42:26
207,clearengine05,clearengine05@opswise.net,2025-08-25 15:44:18
208,amberdelta26,amberdelta26@acme.dev,2025-09-23 00:20:22
209,embervalley02,embervalley02@seeded.app,2025-06-28 09:39:53
210,brisknetwork20,brisknetwork20@acme.dev,2024-08-21 20:14:54
211,dawnlagoon76,dawnlagoon76@example.com,2024-03-23 12:01:51
212,proudisland03,proudisland03@hackstack.io,2025-07-27 14:02:38
213,harboranchor30,harboranchor30@acme.dev,2024-04-21 05:30:12
214,keenharvest61,keenharvest61@relay.cloud,2026-01-04 23:10:42
215,youngyard19,youngyard19@seeded.app,2025-10-03 23:37:13
216,clearsignal89,clearsignal89@seeded.app,2024-12-29 15:47:14
217,silverzenith49,silverzenith49@acme.dev,2025-01-09 04:42:20
218,vividwindow67,vividwindow67@seeded.app,2024-11-09 16:34:15
219,cobaltzenith64,cobaltzenith64@relay.cloud,2024-02-11 00:42:57
220,goldgarden31,goldgarden31@acme.dev,2025-12-23 01:59:18
221,emberisland09,emberisland09@seeded.app,2025-12-01 04:05:30
222,tidyriver93,tidyriver93@opswise.net,2025-03-12 18:35:10
223,cobaltlagoon12,cobaltlagoon12@seeded.app,2025-10-01 14:07:16
224,amberriver96,amberriver96@opswise.net,2025-09-07 17:29:26
225,forestuplink94,forestuplink94@acme.dev,2024-03-30 09:19:08
226,jadeyard11,jadeyard11@relay.cloud,2024-11-20 18:13:47
227,clearpioneer66,clearpioneer66@hackstack.io,2024-06-12 14:44:18
228,harborisland26,harborisland26@opswise.net,2025-07-11 08:08:47
229,ivorywindow85,ivorywindow85@opswise.net,2025-11-21 17:41:51
230,clearuplink25,clearuplink25@relay.cloud,2025-06-17 14:06:01
231,rapidfield21,rapidfield21@seeded.app,2024-07-31 17:16:30
232,cobaltfield59,cobaltfield59@example.com,2025-01-27 09:32:43
233,cobaltuplink92,cobaltuplink92@hackstack.io,2024-10-16 23:23:53
234,amberisland88,amberisland88@opswise.net,2025-11-15 08:39:07
235,calmgarden38,calmgarden38@seeded.app,2024-05-07 01:51:23
236,keenorbit64,keenorbit64@acme.dev,2024-02-10 22:56:06
237,navyuplink41,navyuplink41@acme.dev,2024-04-11 20:41:04
238,jadetrail77,jadetrail77@opswise.net,2024-02-27 05:02:50
239,youngisland04,youngisland04@hackstack.io,2025-02-15 02:23:44
240,jadequartz48,jadequartz48@opswise.net,2024-03-30 00:25:29
241,cobaltsignal14,cobaltsignal14@example.com,2024-02-29 03:36:33
242,vividgarden79,vividgarden79@seeded.app,2025-02-20 15:12:20
243,silverpioneer37,silverpioneer37@opswise.net,2026-01-16 21:19:23
244,urbanwindow46,urbanwindow46@seeded.app,2025-11-27 16:36:59
245,navytrail97,navytrail97@seeded.app,2025-08-25 02:23:09
246,calmgarden17,calmgarden17@example.com,2024-11-16 02:28:41
247,urbanbeacon95,urbanbeacon95@seeded.app,2024-01-29 16:13:22
248,rapidorbit88,rapidorbit88@opswise.net,2026-01-20 04:29:09
249,cobaltfield20,cobaltfield20@hackstack.io,2025-04-11 19:57:01
250,cobaltcanyon27,cobaltcanyon27@hackstack.io,2024-06-14 12:11:15
251,vividvalley28,vividvalley28@relay.cloud,2025-03-09 11:57:47
252,proudisland04,proudisland04@acme.dev,2024-11-23 06:49:15
253,urbancanyon76,urbancanyon76@example.com,2024-10-31 11:11:09
254,embertrail92,embertrail92@relay.cloud,2025-04-14 03:49:03
255,tidygarden48,tidygarden48@acme.dev,2024-07-15 21:48:38
256,clearriver39,clearriver39@acme.dev,2025-10-30 23:18:02
257,forestjourney27,forestjourney27@hackstack.io,2025-01-08 14:14:59
258,navycanyon62,navycanyon62@hackstack.io,2024-03-21 20:52:46
259,livelysignal34,livelysignal34@opswise.net,2025-04-15 22:05:38
260,opalvalley64,opalvalley64@acme.dev,2024-09-27 03:17:11
261,ivoryyard21,ivoryyard21@example.com,2025-04-26 16:52:23
262,clearkernel52,clearkernel52@example.com,2024-05-25 17:58:01
263,younguplink71,younguplink71@opswise.net,2024-05-31 15:48:20
264,keenvalley09,keenvalley09@example.com,2024-08-08 19:45:27
265,keennetwork31,keennetwork31@seeded.app,2025-08-08 19:05:07
266,jadejourney91,jadejourney91@seeded.app,2025-01-28 17:36:30
267,tidyorbit08,tidyorbit08@seeded.app,2024-03-23 05:59:14
268,silvertrail69,silvertrail69@acme.dev,2024-01-20 13:39:47
269,briskwindow78,briskwindow78@example.com,2025-03-15 01:25:02
270,keenpioneer50,keenpioneer50@hackstack.io,2025-07-14 08:50:53
271,forestlagoon92,forestlagoon92@relay.cloud,2025-02-22 13:12:08
272,calmharvest97,calmharvest97@relay.cloud,2025-06-23 18:33:33
273,proudsignal69,proudsignal69@seeded.app,2025-06-22 06:55:08
274,embergarden35,embergarden35@hackstack.io,2024-01-13 21:49:02
275,warmcanyon46,warmcanyon46@example.com,2025-04-24 14:37:42
276,navykernel02,navykernel02@relay.cloud,2024-01-20 04:20:27
277,proudfield80,proudfield80@example.com,2024-09-18 14:03:24
278,clearisland74,clearisland74@seeded.app,2025-04-04 15:45:46
279,clearisland58,clearisland58@opswise.net,2024-06-28 15:51:11
280,jadefield48,jadefield48@opswise.net,2024-10-20 17:01:00
281,opalharvest22,opalharvest22@opswise.net,2025-01-19 07:39:50
282,dawnzenith43,dawnzenith43@opswise.net,2025-04-07 16:48:23
283,mellowharvest94,mellowharvest94@example.com,2024-02-09 00:18:46
284,urbannetwork28,urbannetwork28@seeded.app,2025-12-05 20:27:25
285,mellowpioneer37,mellowpioneer37@hackstack.io,2025-02-14 14:04:54
286,emberpioneer14,emberpioneer14@acme.dev,2024-12-12 22:35:56
287,clearnetwork62,clearnetwork62@seeded.app,2024-10-20 08:18:57
288,warmbeacon54,warmbeacon54@relay.cloud,2024-07-25 02:02:18
289,dawnmeadow36,dawnmeadow36@opswise.net,2025-06-30 16:44:30
290,navynetwork45,navynetwork45@example.com,2024-09-06 16:03:07
291,dawnnetwork79,dawnnetwork79@example.com,2025-02-27 15:26:47
292,jadecanyon26,jadecanyon26@acme.dev,2024-01-10 08:48:55
293,rapidgarden12,rapidgarden12@seeded.app,2025-09-03 18:07:03
294,opaluplink52,opaluplink52@example.com,2024-07-11 20:06:27
295,vividmeadow76,vividmeadow76@acme.dev,2024-06-15 20:43:08
296,mellowdelta62,mellowdelta62@relay.cloud,2024-09-01 17:58:50
297,silverzenith71,silverzenith71@hackstack.io,2025-03-31 21:36:53
298,brisklagoon44,brisklagoon44@example.com,2025-06-11 10:02:01
299,calmisland80,calmisland80@hackstack.io,2025-06-26 12:24:23
300,embersignal54,embersignal54@hackstack.io,2026-01-29 09:14:07
301,mellowpioneer49,mellowpioneer49@hackstack.io,2025-05-24 21:14:33
302,clearorbit36,clearorbit36@opswise.net,2024-06-05 10:40:19
303,harborpioneer83,harborpioneer83@seeded.app,2025-09-07 07:03:41
304,emberriver55,emberriver55@seeded.app,2025-02-20 16:59:13
305,harborbeacon04,harborbeacon04@opswise.net,2025-07-24 20:05:32
306,navyanchor08,navyanchor08@seeded.app,2024-05-23 13:26:17
307,dawnpioneer61,dawnpioneer61@example.com,2025-04-29 00:58:31
308,ambercanyon36,ambercanyon36@relay.cloud,2025-11-07 13:42:18
309,warmtrail48,warmtrail48@hackstack.io,2026-01-22 04:37:23
310,silvermeadow43,silvermeadow43@acme.dev,2024-03-07 08:20:55
311,livelyengine77,livelyengine77@example.com,2025-10-02 11:03:54
312,youngbeacon92,youngbeacon92@hackstack.io,2024-09-24 01:08:16
313,amberquartz17,amberquartz17@example.com,2025-10-06 02:12:05
314,ivorybeacon60,ivorybeacon60@example.com,2024-08-15 11:09:14
315,proudtrail32,proudtrail32@example.com,2026-01-30 07:25:05
316,proudnetwork04,proudnetwork04@acme.dev,2025-04-05 05:53:00
317,quietjourney12,quietjourney12@opswise.net,2025-06-05 19:49:39
318,calmengine67,calmengine67@opswise.net,2024-07-11 17:39:27
319,vividsignal95,vividsignal95@seeded.app,2024-09-22 01:00:20
320,dawnvalley49,dawnvalley49@acme.dev,2026-01-21 14:14:41
321,harborvalley63,harborvalley63@seeded.app,2025-04-22 22:34:25
322,keendelta67,keendelta67@example.com,2024-01-18 01:24:51
323,vividwindow15,vividwindow15@example.com,2024-06-17 19:58:57
324,calmfield36,calmfield36@relay.cloud,2024-06-26 12:06:35
325,livelypioneer73,livelypioneer73@example.com,2025-01-04 15:15:52
326,emberuplink88,emberuplink88@example.com,2025-09-14 22:05:40
327,navymeadow56,navymeadow56@opswise.net,2024-07-22 07:34:33
328,jadekernel84,jadekernel84@example.com,2025-07-15 22:56:18
329,harborcanyon89,harborcanyon89@opswise.net,2025-03-08 09:14:23
330,tidynetwork69,tidynetwork69@acme.dev,2024-01-04 03:19:52
331,vividriver23,vividriver23@opswise.net,2025-09-24 10:38:36
332,forestorbit43,forestorbit43@relay.cloud,2024-10-31 06:27:29
333,jadekernel62,jadekernel62@relay.cloud,2025-02-11 05:26:11
334,keenuplink30,keenuplink30@example.com,2024-03-21 08:10:04
335,embermeadow35,embermeadow35@seeded.app,2025-02-28 15:27:18
336,harborfield61,harborfield61@hackstack.io,2025-01-08 05:41:30
337,keennetwork93,keennetwork93@opswise.net,2024-12-17 15:15:38
338,navyengine20,navyengine20@relay.cloud,2025-01-22 01:37:12
339,briskorbit05,briskorbit05@acme.dev,2025-04-12 13:58:59
340,livelyjourney78,livelyjourney78@seeded.app,2025-04-16 13:38:31
341,livelytrail69,livelytrail69@example.com,2024-11-24 02:05:18
342,calmyard67,calmyard67@opswise.net,2025-01-10 20:18:11
343,amberbeacon17,amberbeacon17@example.com,2024-06-26 08:07:22
344,tidyyard01,tidyyard01@relay.cloud,2025-01-01 20:12:38
345,jadewindow01,jadewindow01@opswise.net,2025-10-03 14:00:17
346,calmengine29,calmengine29@relay.cloud,2024-09-20 04:11:45
347,jadeanchor30,jadeanchor30@opswise.net,2024-05-10 13:32:36
348,dawnengine59,dawnengine59@relay.cloud,2024-04-09 05:03:09
349,livelyzenith10,livelyzenith10@example.com,2025-01-22 12:01:23
350,emberanchor91,emberanchor91@opswise.net,2025-07-15 22:00:59
351,ivorytrail12,ivorytrail12@example.com,2025-05-25 15:40:38
352,tidyquartz83,tidyquartz83@relay.cloud,2025-10-27 16:34:51
353,calmharvest54,calmharvest54@opswise.net,2024-05-07 01:57:42
354,vividwindow60,vividwindow60@example.com,2025-04-10 08:58:56
355,briskquartz87,briskquartz87@acme.dev,2024-06-15 09:15:13
356,calmzenith22,calmzenith22@example.com,2025-12-04 20:46:03
357,mellowkernel40,mellowkernel40@seeded.app,2024-08-28 05:37:32
358,cobaltquartz09,cobaltquartz09@example.com,2024-07-04 05:13:10
359,urbanharvest59,urbanharvest59@relay.cloud,2025-10-01 12:58:38
360,youngjourney59,youngjourney59@example.com,2025-05-02 05:37:56
361,keenkernel96,keenkernel96@example.com,2024-11-17 17:41:17
362,cobaltcanyon32,cobaltcanyon32@example.com,2025-11-11 10:27:26
363,opalharvest43,opalharvest43@example.com,2024-06-27 06:33:16
364,navyvalley67,navyvalley67@relay.cloud,2025-06-10 22:23:13
365,rapidquartz34,rapidquartz34@seeded.app,2025-09-09 09:47:30
366,youngquartz97,youngquartz97@example.com,2024-12-21 18:04:36
367,dawnorbit91,dawnorbit91@relay.cloud,2024-06-27 22:41:26
368,amberbeacon09,amberbeacon09@example.com,2025-07-29 03:50:35
369,cobaltmeadow15,cobaltmeadow15@seeded.app,2025-09-30 09:37:13
370,proudorbit33,proudorbit33@opswise.net,2025-02-05 07:13:41
371,youngdelta87,youngdelta87@seeded.app,2024-02-07 03:05:49
372,opalengine43,opalengine43@opswise.net,2024-02-08 10:37:03
373,calmmeadow34,calmmeadow34@hackstack.io,2024-12-14 20:52:13
374,harborfield92,harborfield92@example.com,2025-07-05 20:39:25
375,brisknetwork50,brisknetwork50@relay.cloud,2024-01-28 22:57:15
376,livelyvalley19,livelyvalley19@relay.cloud,2025-06-26 23:55:05
377,rapidisland89,rapidisland89@seeded.app,2024-09-12 16:18:39
378,quietbeacon71,quietbeacon71@acme.dev,2025-08-27 11:12:38
379,jadekernel92,jadekernel92@seeded.app,2024-04-30 09:51:23
380,jadeisland67,jadeisland67@example.com,2024-12-06 04:05:47
381,calmgarden85,calmgarden85@opswise.net,2025-09-25 22:52:15
382,rapidgarden77,rapidgarden77@opswise.net,2025-05-13 04:43:33
383,navyfield09,navyfield09@example.com,2025-01-22 17:03:47
384,embermeadow18,embermeadow18@acme.dev,2024-07-07 22:25:28
385,quietwindow52,quietwindow52@seeded.app,2025-08-10 14:01:17
386,navyquartz48,navyquartz48@hackstack.io,2025-03-24 06:41:58
387,quietsignal43,quietsignal43@relay.cloud,2025-05-24 16:03:21
388,ambervalley84,ambervalley84@hackstack.io,2025-05-30 19:09:49
389,goldvalley65,goldvalley65@hackstack.io,2025-02-06 16:48:35
390,tidycanyon22,tidycanyon22@seeded.app,2024-02-23 22:57:12
391,ivorytrail39,ivorytrail39@opswise.net,2025-11-05 06:34:50
392,harborbeacon48,harborbeacon48@acme.dev,2025-03-30 12:22:02
393,vividmeadow13,vividmeadow13@example.com,2025-10-25 02:51:58
394,clearnetwork26,clearnetwork26@acme.dev,2025-03-06 05:38:57
395,forestquartz10,forestquartz10@hackstack.io,2025-06-11 09:07:40
396,urbannetwork26,urbannetwork26@acme.dev,2024-08-15 10:35:21
397,jadewindow59,jadewindow59@relay.cloud,2024-11-03 15:29:35
398,opalzenith24,opalzenith24@seeded.app,2024-07-11 12:24:59
399,calmharvest96,calmharvest96@acme.dev,2024-11-30 03:06:18
400,dawnnetwork02,dawnnetwork02@relay.cloud,2025-02-07 16:38:29
